{
  "project_info": {
    "project_number": "1089491977831",
    "project_id": "michi-bank-app",
    "storage_bucket": "michi-bank-app.firebasestorage.app"
  },
  "client": [
    {
      "client_info": {
        "mobilesdk_app_id": "1:1089491977831:android:c62a06294b8b164533f6c2",
        "android_client_info": {
          "package_name": "com.example.parcial_sebastiangranoblesardila"
        }
      },
      "oauth_client": [],
      "api_key": [
        {
          "current_key": "AIzaSyBXkOZvRmbjpWFKWs5iOs2FEg5GSoEU9RY"
        }
      ],
      "services": {
        "appinvite_service": {
          "other_platform_oauth_client": []
        }
      }
    }
  ],
  "configuration_version": "1"
}